,dx,dy,ecc,ep,frame,mass,particle,raw_mass,signal,size,v,x,y
0,,,0.15758960073655573,0.0,0,2791.6840713697866,0,5577.166666666665,136.405042225777,2.2358938560248722,,174.6789955226786,167.06813315164493
1,-0.22999572073763375,-0.25985428454254134,0.1537996310902184,0.0,1,2666.104804689153,0,5319.199999999999,130.42738894003185,2.278665247455705,0.3470191360036787,174.44899980194097,166.8082788671024
2,-0.21931571690222995,-0.24380439859453418,0.12456148660142899,0.0,2,2537.5514588083347,0,5025.9,126.0456715084609,2.2440950618306887,0.32793287187225006,174.22968408503874,166.56447446850785
3,-0.18502506270922936,-0.2566893146152722,0.13764167687046341,0.0,3,2370.210408461872,0,4672.033333333333,121.58592922103747,2.174540418336638,0.3164232577864852,174.0446590223295,166.30778515389258
4,-0.22915262898669653,-0.2777465908724821,0.11661399171798269,0.0,4,2251.9373227605347,0,4449.666666666667,115.17925823739694,2.1719749393121925,0.36007512565130145,173.81550639334282,166.0300385630201
5,-0.2279759303046376,-0.3046120804855832,0.12034868679262145,0.0,5,2116.8610744537314,0,4181.933333333333,107.90660635416056,2.2185156153016194,0.38047541888539976,173.58753046303818,165.72542648253452
6,-0.21462110933180156,-0.29738601175193935,0.08004568277152836,0.0,6,1978.735354992684,0,3883.5333333333338,104.18697409108702,2.2600864839032773,0.3667433169896048,173.37290935370638,165.42804047078258
7,-0.27532820836836436,-0.3403828317501052,0.11011475187585364,0.0,7,1859.676062133157,0,3672.6666666666674,97.27063132513722,2.1753786037066156,0.4377968643943831,173.097581145338,165.08765763903247
8,-0.2358279835412418,-0.33994721600586786,0.10121609730207963,0.0,8,1732.2069436950983,0,3422.5666666666675,87.63018118998316,2.185319531923665,0.41373777624392527,172.86175316179677,164.7477104230266
9,-0.2582054899564241,-0.34061507934589486,0.1086560697882493,0.0,9,1643.6532229994252,0,3272.400000000001,82.36488434542574,2.3024136568935893,0.42742099541488043,172.60354767184035,164.4070953436807
10,-0.28538643995628377,-0.318780126289397,0.12504166208084352,0.0,10,1540.8666894895812,0,3073.2333333333336,78.85776082985628,2.225866953717624,0.4278623482242922,172.31816123188406,164.0883152173913
11,-0.29963074276534485,-0.39643846669102345,0.11599105434805879,0.0,11,1455.1251556612292,0,2867.6333333333337,72.11350696015573,2.2616025155573536,0.4969326311306614,172.01853048911872,163.6918767507003
12,-0.24939519743480787,-0.37454121077476543,0.12099056902032089,0.0,12,1391.3603201748545,0,2767.100000000001,63.609977401456945,2.2998264041987455,0.4499767583688896,171.7691352916839,163.31733553992552
13,-0.3390933549702311,-0.40864320290683054,0.12039359842306867,0.0,13,1336.693239401014,0,2666.166666666668,57.5853358948969,2.352997941725166,0.5310118366542503,171.43004193671368,162.9086923370187
14,-0.4363548525983276,-0.3459897265426548,0.12518539007393686,0.0,14,1294.5259400422667,0,2557.5666666666675,53.67169483539854,2.333702979308238,0.5568792043694658,170.99368708411535,162.56270261047604
15,-0.38249439362749627,-0.4894443301693059,0.16125808976589798,0.0,15,1297.856475432783,0,2578.433333333334,47.64524505994064,2.371170732882193,0.621174463006446,170.61119269048785,162.07325828030673
16,-0.41151619875529377,-0.44978595823627643,0.18158351395741504,0.0,16,1307.6269150554717,0,2597.0000000000005,55.46368654800348,2.38653363164696,0.6096334883063199,170.19967649173256,161.62347232207046
17,-0.49068987605377856,-0.47739201614311355,0.2001812230168586,0.0,17,1335.454876379196,0,2644.333333333333,63.0702398595911,2.323296267145686,0.684601848915747,169.70898661567878,161.14608030592734
18,-0.39606284333441977,-0.3667501230631558,0.1366103320809888,0.0,18,1402.1041297631762,0,2759.566666666666,72.02096413412657,2.2713498637177683,0.539788318359137,169.31292377234436,160.7793301828642
19,-0.41241680149519766,-0.37987940128411424,0.13302993680560735,0.0,19,1472.9493531220176,0,2913.5999999999995,79.03023567659325,2.2136611603846132,0.5607102439544924,168.90050697084916,160.39945078158007
20,-0.2918731947580966,-0.3218891117508633,0.15636709673587643,0.0,20,1566.1352713733331,0,3063.4333333333334,83.58169735744781,2.1738374502161033,0.4345141678726455,168.60863377609107,160.0775616698292
21,-0.31651227632838186,-0.19597647761278836,0.10477369185356533,0.0,21,1685.6344258350086,0,3274.6666666666656,89.60182994471806,2.1518085460803285,0.372272481986098,168.2921214997627,159.88158519221642
22,-0.2263474805002943,-0.22384499959250093,0.09204590587021143,0.0,22,1767.7776813482383,0,3424.599999999999,96.75644814520543,2.1282025157044147,0.3183390735856939,168.0657740192624,159.65774019262392
23,-0.30130564779537394,-0.2467935797930636,0.10900146549864095,0.0,23,1870.5703575921768,0,3629.7333333333327,103.64084305187701,2.1274973449792305,0.38947678290299304,167.76446837146702,159.41094661283086
24,-0.2729684790633087,-0.21275423064881238,0.12826606435726054,0.0,24,2007.7837036631056,0,3912.9666666666667,107.15092715912421,2.1598982194735576,0.346086915703417,167.4914998924037,159.19819238218204
25,-0.23844915380382758,-0.20632768511504196,0.12390069452378868,0.0,25,2134.902915682208,0,4147.5666666666675,109.69314916800042,2.1204370961932444,0.31532382180021434,167.25305073859988,158.991864697067
26,-0.2883768255564121,-0.20967406161548752,0.13399484342911538,0.0,26,2288.5323917009664,0,4452.833333333334,119.5930388639719,2.1338469194357135,0.35654509621130476,166.96467391304347,158.7821906354515
27,-0.24095337789799487,-0.1996890427566882,0.10321751921744965,0.0,27,2388.104716648682,0,4637.200000000001,127.29120490100216,2.2033006765555756,0.31294447449593416,166.72372053514547,158.58250159269483
28,-0.20428965810151567,-0.16882565300485908,0.15771846509591478,0.0,28,2499.8041302893726,0,4863.700000000001,130.59074454261747,2.216178279587276,0.2650214435092965,166.51943087704396,158.41367593968997
29,-0.24938955472990187,-0.21718833638416868,0.14372036215872178,0.0,29,2635.5471211840245,0,5120.000000000001,132.86642511754175,2.151781887008114,0.33070519117440766,166.27004132231406,158.1964876033058
30,,,0.042200994103843634,0.0,0,2408.554371094198,1,4455.5999999999985,137.49193499251626,2.0310651471011343,,199.9115523465704,200.34769855595667
31,0.11751066203225946,0.24309428291800828,0.014690877840889821,0.0,1,2271.1263151055746,1,4206.499999999999,134.65175781258347,2.066213859138244,0.27000664080477826,200.02906300860266,200.59079283887468
32,0.08072503616989479,0.21511332926058913,0.021351548522367626,0.0,2,2117.063098656109,1,3874.933333333333,128.56658493863011,1.970731298990834,0.22976134550921626,200.10978804477256,200.80590616813527
33,0.04430000554191338,0.21997675397406624,0.04584077902468668,0.0,3,1971.1224760775253,1,3542.5,119.201891393174,1.9409522398771888,0.22439309877975397,200.15408805031447,201.02588292210933
34,0.09253187958037756,0.25553921109047906,0.05414860829275846,0.0,4,1825.4998309530292,1,3308.1333333333328,115.63631878595804,1.9547330948772297,0.27177644699903986,200.24661992989485,201.2814221331998
35,0.06338268175309736,0.2766870336844818,0.06007056138179849,0.0,5,1646.1131303987283,1,2952.133333333333,109.62623354705555,1.999216352089031,0.28385397470412843,200.31000261164795,201.5581091668843
36,0.1485788718387937,0.26484697821587133,0.10950366679831515,0.0,6,1509.2811070293155,1,2672.8666666666663,98.46690492530185,1.9633898842498005,0.3036768068637559,200.45858148348674,201.82295614510016
37,0.09666011018379095,0.25107606738924915,0.12952671945096278,0.0,7,1360.635431856366,1,2412.9666666666662,90.35019115180731,1.9733316659404556,0.2690397155001346,200.55524159367053,202.0740322124894
38,0.15140493200922833,0.21630011379457414,0.14316407923654265,0.0,8,1250.2409471501908,1,2245.633333333333,83.47530190942362,1.9350480294124306,0.2640249849242772,200.70664652567976,202.290332326284
39,0.15063471422982389,0.3251019649655973,0.08392728129513352,0.0,9,1128.6904726450598,1,2031.466666666667,76.16929569997336,1.965721749251276,0.3583044860947085,200.85728123990958,202.61543429124958
40,0.12544366230685,0.24571303599944372,0.09857980856067808,0.0,10,1070.5115496725623,1,1952.833333333334,69.78562905297017,1.9772994634571024,0.2758822366029008,200.98272490221643,202.86114732724903
41,0.15329607451249672,0.3341984610171096,0.10969462270584662,0.0,11,956.6013466758048,1,1765.433333333334,59.25849050204101,2.0000819386689406,0.3676796129881904,201.13602097672893,203.19534578826614
42,0.1291114318460984,0.46385976028366827,0.03486866836353367,0.0,12,912.9902638797349,1,1689.7666666666669,53.53599907995924,2.110891709283739,0.4814931349913225,201.26513240857503,203.6592055485498
43,0.3211336858455809,0.3021678420081457,0.030319816220610425,0.0,13,890.5342874011711,1,1660.5666666666668,48.412450531108014,2.20598743052488,0.44094472321213685,201.5862660944206,203.96137339055795
44,0.07850663285211112,0.554380741673441,0.048296393991934965,0.0,14,855.2131786117825,1,1587.7,41.08203802215691,2.247875489184406,0.5599118664041428,201.66477272727272,204.5157541322314
45,0.12101485610335772,0.3459698287742583,0.044130214085308275,0.0,15,825.4274010828827,1,1525.3333333333335,35.99862960084404,2.155213707783656,0.36652382981165904,201.78578758337608,204.86172396100565
46,0.17946123508374967,0.6056099283465812,0.026185599729326894,0.0,16,845.3511886151208,1,1563.466666666667,43.24287425776542,2.173909538138862,0.631640499184256,201.96524881845983,205.46733388935223
47,0.2385138443476933,0.34945337548134603,0.04876101595650457,0.0,17,882.217322732337,1,1617.0000000000002,49.536949525346856,2.0997553437526824,0.4230916160606616,202.20376266280752,205.81678726483358
48,0.0898979959867745,0.412547725843865,0.0741826017338156,0.0,18,927.0538503344773,1,1694.0666666666666,59.05719058998379,2.052375119120185,0.4222289376409236,202.2936606587943,206.22933499067744
49,0.19819071017570877,0.2928292857241104,0.13774729859435042,0.0,19,954.5856813220005,1,1706.3666666666663,65.0288159701102,2.0504554777492907,0.35359376150837907,202.49185136897,206.52216427640155
50,0.13542135830272173,0.2825629963257086,0.15876623386969052,0.0,20,1021.554078813251,1,1792.7666666666664,71.32304841168879,1.9238219535837793,0.31333814191240195,202.62727272727273,206.80472727272726
51,0.06636463940620274,0.1768836136280072,0.1471985682700593,0.0,21,1087.6222125878949,1,1931.6,74.40151950766769,1.8943208906178264,0.18892347163234496,202.69363736667893,206.98161088635527
52,0.0613454511904763,0.31289083185779987,0.14450035398039782,0.0,22,1208.4174425002052,1,2122.033333333333,84.2985363668528,1.897909865001524,0.31884782740741563,202.7549828178694,207.29450171821307
53,0.1437057067207661,0.11730156047545393,0.11887354980907848,0.0,23,1279.7755923409914,1,2209.3999999999996,90.63328785103414,1.943884905180902,0.1855019844478528,202.89868852459017,207.41180327868852
54,0.033718882817225904,0.26288807933616454,0.13999054024760885,0.0,24,1399.8750161111388,1,2397.5,98.94178354612679,1.876018242034028,0.2650417048607622,202.9324074074074,207.6746913580247
55,0.12348021960994515,0.15764576092331595,0.1260637484420894,0.0,25,1529.3053213172059,1,2651.8999999999996,103.2943821332004,1.8747384754851635,0.20024872177372713,203.05588762701734,207.832337118948
56,0.061962329866815935,0.21106615785566873,0.1293187268687427,0.0,26,1664.256728831033,1,2889.3999999999996,106.19861851120704,1.8817438842707122,0.21997330136741183,203.11784995688416,208.04340327680367
57,0.0982578103844105,0.17958325228775607,0.08867921230361381,0.0,27,1769.3984617513806,1,3098.7666666666664,114.61279803835255,1.9047240302503174,0.20470647719060237,203.21610776726857,208.22298652909143
58,0.010200577851662729,0.17701347090857666,0.10594723941142382,0.0,28,1876.5783819437104,1,3284.0333333333333,121.56618089536342,1.9880121634671535,0.1773071365501382,203.22630834512023,208.4
59,0.13397573026901455,0.1503960666484545,0.11683989236973104,0.0,29,1993.5409112922964,1,3499.0,127.42107982583921,1.9684065686634704,0.20141616907398996,203.36028407538925,208.55039606664846
60,,,0.2078666643392537,0.0,0,2788.423393069569,2,5630.199999999998,126.62300732512368,2.347097711455878,,185.24965893587995,186.4242837653479
61,-0.22473139964807842,0.03793845687431485,0.20694165105215998,0.0,1,2732.6386144318412,2,5572.666666666664,124.61888174027334,2.3459699229161175,0.22791122942450331,185.02492753623187,186.4622222222222
62,-0.16824264088961627,0.10387244117586647,0.21464213990840061,0.0,2,2673.6807840374727,2,5526.233333333331,122.01221002019014,2.38829252089816,0.19772473352958708,184.85668489534226,186.56609466339808
63,-0.2829053095434517,0.10531805849541342,0.21598345919923598,0.0,3,2578.57531461714,2,5366.566666666665,117.77146869645591,2.386708138764556,0.301872999145534,184.5737795857988,186.6714127218935
64,-0.3296062427543802,0.14832507854350752,0.2730258285569935,0.0,4,2510.1765326975556,2,5312.699999999998,112.43689494603035,2.4014061794597072,0.3614423940098852,184.24417334304442,186.819737800437
65,-0.32151539097469595,0.16501165490069525,0.2512253352452259,0.0,5,2367.9266446164,2,5002.9333333333325,107.04679275771306,2.345130463704259,0.36138759370885676,183.92265795206973,186.9847494553377
66,-0.35709479320158266,0.16413162474367482,0.2544449758818152,0.0,6,2209.1724271000294,2,4658.099999999999,101.7355158771791,2.3567523176951255,0.3930087550840052,183.56556315886814,187.14888108008137
67,-0.4046584144768133,0.14552862937063082,0.2365143316444586,0.0,7,2090.7418701426727,2,4423.300000000001,98.03956912217389,2.334480181914147,0.4300314109148108,183.16090474439133,187.294409709452
68,-0.31363412882802777,0.1972666358828974,0.1985734812080762,0.0,8,1951.2823966700562,2,4051.2,96.31765604933494,2.320480612906339,0.3705138221419972,182.8472706155633,187.4916763453349
69,-0.4274630774718844,0.16890905963703062,0.18197587284110453,0.0,9,1817.8585978539097,2,3703.9333333333325,90.7471513363319,2.3701650655283153,0.4596247959251113,182.41980753809142,187.66058540497193
70,-0.4543980777871752,0.23585135268592694,0.21173034055178203,0.0,10,1674.506169126019,2,3449.8999999999987,81.99811413723994,2.2864741763684613,0.5119604219668364,181.96540946030424,187.89643675765785
71,-0.3822764474837186,0.20292221670112554,0.2134726581827748,0.0,11,1565.1766380221625,2,3198.733333333332,75.24887682798858,2.325177481508201,0.4327963820686014,181.58313301282053,188.09935897435898
72,,,0.14828845044511657,0.0,0,2550.937323537041,3,4861.033333333332,136.94848860914664,2.10771908977395,,168.85939497230507,185.3351086493396
73,-0.25869290999705186,0.08481236865074493,0.15278394696113684,0.0,1,2406.834165136296,3,4541.3,130.9554350491008,2.1466628692766005,0.2722409953678774,168.60070206230802,185.41992101799033
74,-0.3056897608094573,0.05715346199175997,0.12400749543013202,0.0,2,2254.2007892573147,3,4239.133333333333,126.0456715084609,2.1069587869495274,0.310986732966837,168.29501230149856,185.4770744799821
75,-0.3231337863129511,0.13282428267257274,0.0954980236580087,0.0,3,2119.4096289706335,3,4007.066666666667,115.86423843416513,2.0764359011882676,0.34936762002857025,167.9718785151856,185.60989876265467
76,-0.2851842242095586,0.02453954305434536,0.09695056359456856,0.0,4,1985.471022949414,3,3728.566666666667,109.23747110610266,2.0775148952445965,0.2862380668452815,167.68669429097605,185.634438305709
77,-0.2557575706312889,0.09588603087524916,0.12056955797394442,0.0,5,1895.4590733685018,3,3577.5000000000005,106.18697916126557,2.128018915428801,0.2731411097806919,167.43093672034476,185.73032433658426
78,-0.3322301172133848,0.03414128628844537,0.11267000001468915,0.0,6,1800.5960581153745,3,3432.8333333333335,100.50978677022513,2.078393280746727,0.3339797571905354,167.09870660313138,185.7644656228727
79,-0.2930237433697016,0.12096059160941763,0.11173260892900558,0.0,7,1677.8222731339874,3,3164.233333333333,93.81041123847227,2.0724724537358856,0.31700848395728004,166.80568285976167,185.88542621448212
80,-0.3996896263155634,0.03675841577404526,0.13099788076013383,0.0,8,1562.9900420868548,3,2971.0666666666666,86.49703229528511,2.1579710500102767,0.40137635520106596,166.4059932334461,185.92218463025617
81,-0.34819414207811406,0.19997589473121025,0.1080945941559211,0.0,9,1443.9366007813132,3,2761.1333333333337,82.36488434542574,2.075858203045657,0.4015339575316912,166.057799091368,186.12216052498738
82,-0.40956676813567583,0.07607179824495347,0.1454139564268845,0.0,10,1381.755455248809,3,2644.7333333333336,75.36847937720778,2.1744615030583616,0.41657154973584476,165.64823232323232,186.19823232323233
83,-0.3329170079170183,0.141739227265532,0.13604431791898583,0.0,11,1322.4990102518993,3,2566.4333333333343,67.72398914518972,2.205213874296388,0.36183386064083356,165.3153153153153,186.33997155049786
84,-0.5019760136143248,0.1459281809255799,0.1318788576018242,0.0,12,1286.0152897271928,3,2514.700000000001,63.03432149737136,2.27914329976014,0.5227570680845717,164.81333930170098,186.48589973142344
85,-0.5037285961048781,0.19414893037705383,0.15509798191379784,0.0,13,1256.6852948390774,3,2438.3666666666672,56.05652166759875,2.308127675362551,0.5398484099266622,164.3096107055961,186.6800486618005
86,-0.43009263330694125,0.09643038872997067,0.12929558723368706,0.0,14,1228.2645883936266,3,2378.2000000000003,49.25427139215586,2.2757645918705958,0.4407703405351956,163.87951807228916,186.77647905053047
87,-0.5182769559778535,0.20064003423291865,0.1395391850025485,0.0,15,1221.624083336878,3,2369.933333333334,46.79821848109725,2.2961527735255425,0.5557584245287305,163.3612411163113,186.9771190847634
88,-0.46978480563169,0.20501683756671696,0.13704179881588283,0.0,16,1210.3304479754995,3,2331.6,52.408483475443965,2.244432161629159,0.5125716216181524,162.89145631067962,187.1821359223301
89,-0.418284568396615,0.2050610944505138,0.10929802873314917,0.0,17,1232.5508008188106,3,2383.9666666666667,59.750753551191565,2.28446261120668,0.4658455029470447,162.473171742283,187.38719701678062
90,-0.4669790817325463,0.17702316670562368,0.08859856824217864,0.0,18,1256.0456144991674,3,2397.333333333333,66.83545471646946,2.164931085624803,0.49940631186065243,162.00619266055045,187.56422018348624
91,-0.268028409342719,0.1360213624074902,0.11597148925280927,0.0,19,1288.1306129964412,3,2461.933333333333,70.00709853241528,2.1249040899072003,0.30056786129920465,161.73816425120773,187.70024154589373
92,-0.4625108811939924,0.07967592315716843,0.0764821630038895,0.0,20,1350.3087550858788,3,2540.9999999999995,75.03779051646426,2.0693612168836615,0.46932352162851415,161.27565337001374,187.7799174690509
93,-0.1977087972654772,0.10027883579897434,0.04555772804516463,0.0,21,1385.6282987879615,3,2556.9666666666667,80.40164204860862,2.009575805778073,0.22168584398955027,161.07794457274827,187.88019630484987
94,-0.27201310139784596,0.07603749877810628,0.06654960497283705,0.0,22,1442.2109202072895,3,2635.4999999999995,87.20538244846841,1.9877250726858413,0.2824408408012293,160.80593147135042,187.95623380362798
95,-0.28369370911266856,0.10978018238600384,0.07634284597895624,0.0,23,1500.0648336455884,3,2725.7999999999993,92.31168207049774,2.0225995873897262,0.3041937031478588,160.52223776223775,188.06601398601399
96,-0.3045780735635617,0.09421145682014753,0.0579166973906124,0.0,24,1609.8562685278096,3,2914.5666666666652,96.34942240518023,1.9597397046916532,0.3188159366968109,160.2176596886742,188.16022544283413
97,-0.2365990826135942,0.09139793378923855,0.047893598026164615,0.0,25,1689.2744971872064,3,3009.266666666666,101.9232177686004,1.9454130755785608,0.2536389327262997,159.9810606060606,188.25162337662337
98,-0.2629966018289167,-0.0159714326931919,0.07400156081410401,0.0,26,1808.7251197787111,3,3249.999999999999,111.46071222122181,1.9712962720834408,0.26348111741798674,159.71806400423168,188.23565194393018
99,-0.20234584705011116,0.09713938398309097,0.07615910833701685,0.0,27,1871.3328529270836,3,3358.8333333333326,115.62707058736451,2.011013038678372,0.22445467635814892,159.51571815718157,188.33279132791327
100,-0.23314443064001011,0.044688564848115675,0.04239614566028233,0.0,28,1980.0954355445656,3,3529.4666666666662,121.03532421023083,1.9645654548203424,0.2373886967962854,159.28257372654156,188.3774798927614
101,-0.10168635452791364,0.09928566250246718,0.038933075781464495,0.0,29,2074.1320216094937,3,3713.9999999999995,125.78747623832845,1.996847081591815,0.1421188146437,159.18088737201364,188.47676555526385
102,,,0.144020455077563,0.0,0,2588.4351239895454,4,5188.0666666666675,122.81888264153626,2.2025313248227665,,198.88767583455805,184.2345160613059
103,0.20368117632267513,0.10032278082098856,0.15673668955932776,0.0,1,2572.1125972748787,4,5275.466666666668,119.33842064958378,2.262309787773795,0.22704775255404927,199.09135701088073,184.33483884212689
104,0.1695730368140289,0.16794335183178077,0.17438115190434592,0.0,2,2537.047276122301,4,5312.466666666669,115.96201778778402,2.342876427024107,0.23866290922308248,199.26093004769476,184.50278219395867
105,0.26600203661436694,0.17383763430049726,0.15881790186424963,0.0,3,2443.1619659944945,4,5164.700000000002,111.09616277843817,2.371975661806623,0.3177681648343402,199.52693208430912,184.67661982825916
106,0.26831786780732614,0.2220585858377433,0.22738763785072438,0.0,4,2386.313124037498,4,5191.2,108.32335000898046,2.3466978923357655,0.34828794657427947,199.79524995211645,184.8986784140969
107,0.26560654675657247,0.12480017343128225,0.22785141586170243,0.0,5,2288.8237937432305,4,5008.799999999999,105.32716556481807,2.3389123314191607,0.29346536587548017,200.06085649887302,185.0234785875282
108,0.24591867145250035,0.3035463935467533,0.23723630363950104,0.0,6,2158.9175337149168,4,4737.799999999998,98.46690492530185,2.3912770447226968,0.3906614979802889,200.30677517032552,185.32702498107494
109,0.5047152848873964,0.23483258133327922,0.22679196621965647,0.0,7,2094.586559127856,4,4613.0999999999985,93.42594233995393,2.476912482884847,0.5566721297627688,200.81149045521292,185.56185756240822
110,0.29452948343740104,0.20788937010712516,0.24667820433866317,0.0,8,1970.1682115816905,4,4335.3,91.40734417231003,2.40055272265225,0.36050742962862714,201.10601993865032,185.76974693251535
111,0.3929923094729588,0.27509700268814186,0.24998712471549886,0.0,9,1844.827630781173,4,3970.0333333333338,87.10268742724226,2.4253778111191875,0.4797096165315944,201.49901224812328,186.0448439352035
112,0.49823455620315826,0.3331304994081279,0.24765656059096228,0.0,10,1774.2996186717662,4,3837.7333333333336,77.81097639406173,2.4538212930148555,0.5993443105852151,201.99724680432644,186.37797443461162
113,0.3834382040957962,0.2551904540277121,0.20119493263094942,0.0,11,1675.2281203830958,4,3567.8333333333335,73.68119189407216,2.4665457679625296,0.46059420772202436,202.38068500842223,186.63316488863933
114,0.5499883983299014,0.36322435129568476,0.22205097665531695,0.0,12,1594.2790263650227,4,3351.233333333333,68.5030525861844,2.4160204305983806,0.6591048229770902,202.93067340675213,186.996389239935
115,0.45517021464704044,0.3036930645917266,0.23179602503495736,0.0,13,1547.9244051393746,4,3247.1333333333328,60.897766720709555,2.4984933731756165,0.5471831519545787,203.38584362139918,187.30008230452674
116,0.39903836246696756,0.3748504710932252,0.20261884096299868,0.0,14,1478.5116264533244,4,3043.3666666666663,54.996921868371345,2.4504043799618302,0.5474892605331467,203.78488198386614,187.67493277561996
117,0.5236571413942102,0.2364031363109973,0.18761317770025368,0.0,15,1423.4281657463155,4,2897.5,50.82159473060335,2.424338556243149,0.5745461205080336,204.30853912526035,187.91133591193096
118,0.4716050974463428,0.4324507726237812,0.16656110187843143,0.0,16,1401.3981478209523,4,2823.766666666666,49.823311644816684,2.3966478350421325,0.6398632968691671,204.7801442227067,188.34378668455474
119,0.3554989767035579,0.26531762801437253,0.15759054169567027,0.0,17,1385.5025161058352,4,2762.233333333333,54.89919663891533,2.352583259133182,0.44359098973316596,205.13564319941025,188.60910431256912
120,0.4963450309386417,0.29148416998657467,0.13722203325973215,0.0,18,1370.7029894006969,4,2694.6333333333337,63.66653229456789,2.276310370511978,0.5756052563087342,205.6319882303489,188.9005884825557
121,0.39918467837503613,0.34296388344566253,0.1233797577819037,0.0,19,1387.3851215823988,4,2669.2999999999993,71.25166917299156,2.1842162502699876,0.5262818948030713,206.03117290872393,189.24355236600135
122,0.30563626750131334,0.275477873831818,0.1214101409615643,0.0,20,1424.9750713918656,4,2765.4666666666662,75.4092647269418,2.2117446484595757,0.4114627406983935,206.33680917622524,189.51903023983317
123,0.3845742989325913,0.21909767671911595,0.08463308344613053,0.0,21,1457.2297611098568,4,2761.2666666666664,78.80160937102437,2.100481625227723,0.4426072563155832,206.72138347515784,189.7381279165523
124,0.29068410328142136,0.26669911482341035,0.08267571783961511,0.0,22,1548.518434049232,4,2893.5666666666666,87.62064617441351,2.031067366523952,0.39449418975203504,207.01206757843926,190.0048270313757
125,0.26065969428802305,0.19630611310023482,0.08899939203149151,0.0,23,1629.3011885442852,4,3029.5666666666666,95.66847050942494,2.0400320146149995,0.32631206883418795,207.27272727272728,190.20113314447593
126,0.3078129974077797,0.23033258839049608,0.06484600703330053,0.0,24,1727.37664025072,4,3182.9666666666667,104.99062620833541,2.083547596118852,0.38445018227050887,207.58054027013506,190.43146573286643
127,0.16149311377995446,0.1459242519590589,0.05404882925276103,0.0,25,1807.1946325428069,4,3322.0,109.23609437980042,2.011285810629221,0.21765549179415672,207.74203338391501,190.5773899848255
128,0.19542026256212353,0.16055809922889352,0.06658317880725406,0.0,26,1935.0153688190653,4,3559.5999999999995,111.9390843766777,1.9852982514209747,0.2529189242580407,207.93745364647714,190.73794808405438
129,0.21452655154266154,0.14942815356937444,0.06860565997620151,0.0,27,2048.8305490041785,4,3772.533333333333,119.17702450890641,1.9877720250980433,0.2614391217777836,208.1519801980198,190.88737623762376
130,0.14006184402225585,0.14390504365752577,0.07453320586051883,0.0,28,2121.303313789835,4,3895.3666666666663,123.68960763589378,1.9942359381419685,0.2008133007073713,208.29204204204206,191.03128128128128
131,0.19153638933048,0.18048342460107847,0.052390449997789024,0.0,29,2221.7008790146324,4,4051.399999999999,131.23282153003098,2.043101736547241,0.263173811374708,208.48357843137254,191.21176470588236
132,,,0.26142974225718024,0.0,0,2381.3820519257165,5,4783.866666666669,97.8203490065333,2.506723045936236,,192.45823824737562,170.5926517571885
133,0.08979428724737204,-0.3510601986041877,0.20923609440508084,0.0,1,2402.0817501546753,5,4986.400000000001,97.68853017775663,2.5095114733128723,0.36236208006119414,192.548032534623,170.2415915585843
134,0.05086972419061908,-0.18902664408145142,0.20851639868998628,0.0,2,2388.313383742317,5,5041.766666666668,96.80307571849796,2.5115313536450206,0.1957518863559822,192.5989022588136,170.05256491450285
135,0.06939340398417926,-0.2531350631487612,0.20340982462187285,0.0,3,2341.60195452751,5,4968.766666666666,97.26874337682999,2.4413294728051786,0.26247438867790285,192.6682956627978,169.7994298513541
136,0.09043707481390584,-0.23748834038738664,0.18327476966792325,0.0,4,2250.5661411148512,5,4796.866666666667,96.43977574639189,2.401216520818932,0.25412511942122373,192.7587327376117,169.5619415109667
137,0.0945665553969377,-0.29524865943488976,0.18157706278150407,0.0,5,2189.085416555321,5,4643.2333333333345,96.29912280211938,2.3444122198786665,0.3100235544240818,192.85329929300863,169.26669285153181
138,0.13633294486302816,-0.259650598010694,0.16422091752222595,0.0,6,2088.642398249556,5,4437.7333333333345,93.15541212850134,2.2913305344610073,0.2932662696293873,192.98963223787166,169.00704225352112
139,0.09127579472436764,-0.27013887750248955,0.16155808901296087,0.0,7,1981.5527029634675,5,4130.2333333333345,93.42594233995393,2.2616490149837807,0.285142567570803,193.08090803259603,168.73690337601863
140,0.10358176332235303,-0.2818013352023172,0.15111573267399867,0.0,8,1850.8098613401617,5,3793.9333333333348,93.67364196170614,2.269765788510761,0.3002351981610029,193.18448979591838,168.4551020408163
141,0.10319891341609377,-0.33517858770127873,0.10902995457265251,0.0,9,1713.9913764448552,5,3478.7000000000007,92.93382968178568,2.196637873203483,0.35070600420250325,193.28768870933447,168.11992345311504
142,0.07409811065667782,-0.3499101846497581,0.13249837208521797,0.0,10,1577.8530728876553,5,3145.133333333334,88.97667704253695,2.235375589194756,0.35766977412764006,193.36178681999115,167.77001326846528
143,0.12987253031613477,-0.49960062579626197,0.10919997308695106,0.0,11,1428.4745117846498,5,2839.166666666667,79.95193162973787,2.2907609219219585,0.5162050555997412,193.4916593503073,167.27041264266902
144,0.130333004088925,-0.5409320939845088,0.1391592741025535,0.0,12,1279.9709027342942,5,2502.3,73.39612777091186,2.2696559167990906,0.5564119177887091,193.6219923543962,166.7294805486845
145,0.132783999840683,-0.7119485190149248,0.1786362194064424,0.0,13,1133.6157495415766,5,2184.0,59.87855723584412,2.2843984026514317,0.7242252994346685,193.7547763542369,166.01753202966958
146,0.13219480972858833,-0.8024194217975662,0.1996827390036117,0.0,14,1049.3589389422982,5,1982.4333333333334,52.56733897458787,2.294328754287624,0.8132357568363051,193.88697116396548,165.21511260787202
147,-0.006692539672940256,-0.5738413845372179,0.15456169989549273,0.0,15,972.8100258016325,5,1813.3333333333333,41.92781565274776,2.250525986988504,0.5738804097500324,193.88027862429254,164.6412712233348
148,-0.051920415337320946,-0.5748292397045702,0.07427233819726405,0.0,16,976.2548894932477,5,1820.9666666666672,46.298077330324936,2.1858189599686213,0.5771692856936639,193.82835820895522,164.06644198363023
149,-0.15148746065591467,-0.5256256570996243,0.04508930526251741,0.0,17,975.9289746694623,5,1823.8000000000004,50.04763972663909,2.197115277267275,0.5470199101837053,193.6768707482993,163.5408163265306
150,-0.01346735066039173,-0.49445871063656455,0.1069586730234819,0.0,18,1000.5152337512864,5,1832.5666666666668,59.05719058998379,2.035673783105664,0.4946420787379333,193.66340339763892,163.04635761589404
151,-0.09054204070676519,-0.29237531500908176,0.10215762880220534,0.0,19,1054.7736178883904,5,1919.1333333333334,65.9622439505424,2.0801066457797566,0.3060738243659613,193.57286135693215,162.75398230088496
152,-0.020965149347318857,-0.3667567519827628,0.14525938145825334,0.0,20,1116.6514766955027,5,2017.6000000000004,72.43747104312143,2.0405894547135044,0.3673554853436943,193.55189620758483,162.3872255489022
153,-0.04244242607222759,-0.1722395545044435,0.1574540530222158,0.0,21,1142.4233317951555,5,2024.2333333333333,74.80152767706375,1.9692133252769186,0.1773917237832297,193.5094537815126,162.21498599439775
154,0.0010357289769160616,-0.29024406965581306,0.1435441181395761,0.0,22,1247.0369690130983,5,2224.3333333333326,80.9764265592921,1.9569968906047934,0.290245917636893,193.51048951048952,161.92474192474194
155,-0.08410816267732457,-0.24093483435547114,0.11703227987848687,0.0,23,1313.7630752851292,5,2315.1333333333328,89.37449218643644,1.9405899855907285,0.25519360774685096,193.4263813478122,161.68380709038647
156,-0.10128977272063366,-0.2631721697515559,0.10879628782148623,0.0,24,1415.429182956818,5,2479.333333333333,98.50972335596903,1.927169028388653,0.28199150517265476,193.32509157509156,161.4206349206349
157,-0.0012503148673772557,-0.15435197607266105,0.13919699008892827,0.0,25,1508.7378558482058,5,2619.9999999999995,102.83732734500039,1.903137606073777,0.15435704002345638,193.32384126022419,161.26628294456225
158,-0.09293487092256214,-0.17950731306149237,0.1367899362451716,0.0,26,1609.7223031090618,5,2799.6666666666656,106.67699066666293,1.877923674010373,0.2021379867218181,193.23090638930162,161.08677563150076
159,0.023500191191914155,-0.22837375135975435,0.11249861396546931,0.0,27,1726.2918784183719,5,3011.5333333333333,112.07711666582263,1.8912874643005613,0.22957967962383652,193.25440658049354,160.858401880141
160,-0.030495443399132682,-0.18199147382705405,0.09486425152665613,0.0,28,1816.0607198385949,5,3173.5666666666666,120.50446752509824,1.9073083645049973,0.18452877448748475,193.2239111370944,160.67641040631395
161,0.010941558847775923,-0.19614359141678506,0.08524640336091163,0.0,29,1959.2352359545705,5,3437.5,128.51014888417973,1.9576534148613174,0.19644853311718583,193.23485269594218,160.48026681489716
162,,,0.22382457590658147,0.0,0,3062.8638166712317,6,6280.999999999998,138.57882775925552,2.431641724478397,,211.8722498225692,166.43026969481903
163,0.3321913592990313,-0.17572757699923613,0.23164430732097968,0.0,1,2877.323248316735,6,5859.599999999999,134.12371170351452,2.3537804954295,0.37580750459638324,212.20444118186822,166.2545421178198
164,0.29314783890328044,-0.21874834927379538,0.23309589098304434,0.0,2,2718.5530430944846,6,5470.599999999999,125.03730613639321,2.3650521791472214,0.3657683635358231,212.4975890207715,166.035793768546
165,0.4360178423392824,-0.22881875922112727,0.21785355459268482,0.0,3,2556.642166600796,6,5195.766666666666,119.201891393174,2.3040515375105355,0.4924120057530072,212.93360686311078,165.80697500932487
166,0.2916115189628954,-0.20196171650300698,0.21143795173785893,0.0,4,2406.880848722747,6,4839.2,116.09337933451914,2.3179643229253397,0.3547193438828619,213.22521838207368,165.60501329282187
167,0.4463530195486669,-0.2650774316635989,0.23191645294775895,0.0,5,2278.9359373840844,6,4645.133333333333,108.76641995060805,2.356422267076391,0.5191310651825631,213.67157140162234,165.33993586115827
168,0.37262537009172547,-0.21387898183468224,0.2111840054617916,0.0,6,2126.2314241961444,6,4312.533333333333,103.77839772210237,2.2940956195765216,0.4296439052362267,214.04419677171407,165.12605687932358
169,0.3694640110948342,-0.2296639399528999,0.20301632288921687,0.0,7,2003.8518990775306,6,4013.1333333333337,94.96381793402725,2.3199558044854918,0.43502779314541845,214.4136607828089,164.89639293937068
170,0.43782239457513583,-0.245586648309569,0.21125328915085329,0.0,8,1897.268966022782,6,3883.2999999999997,88.00789748821585,2.3696770457626526,0.5019972619640807,214.85148317738404,164.65080629106112
171,0.3656539193901551,-0.2534272588030433,0.19446591992914916,0.0,9,1807.6540989084588,6,3705.033333333333,84.91600908178849,2.387551722121733,0.4448911825039992,215.2171370967742,164.39737903225807
172,0.5076298266145329,-0.2974601023837238,0.22221015492946564,0.0,10,1721.6114687367738,6,3521.7333333333327,78.50883268459143,2.4088153870122406,0.588362603654274,215.72476692338873,164.09991892987435
173,0.3908214231871341,-0.2242095087619873,0.22600624099130265,0.0,11,1657.3565121364486,6,3418.3,70.85935901302258,2.426599351284308,0.45056774034689684,216.11558834657586,163.87570942111236
174,0.4676529057261689,-0.32451236770535274,0.21721379663829246,0.0,12,1562.9057795923584,6,3198.0333333333338,63.897805353499734,2.4924933340448128,0.5692165818279218,216.58324125230203,163.551197053407
175,0.5796763791898627,-0.3034299346508078,0.20681757390881278,0.0,13,1540.5351363741004,6,3175.6,57.075731152464186,2.4724415566550992,0.654289255477165,217.1629176314919,163.2477671187562
176,0.4675264638958083,-0.34301201380117163,0.2256951877242227,0.0,14,1546.7608186514237,6,3208.1000000000004,52.788210146750004,2.528969664205806,0.5798605315546608,217.6304440953877,162.90475510495503
177,0.5734598506872999,-0.2698723637670071,0.22825624723160295,0.0,15,1507.9190669859436,6,3080.8,49.97456815175996,2.5069486356671398,0.6337880505938023,218.203903946075,162.63488274118802
178,0.4834527272165303,-0.31245497784908594,0.24160664706009813,0.0,16,1537.2371767393677,6,3196.333333333334,55.22867092703736,2.5187873796601368,0.5756341308815641,218.68735667329153,162.32242776333894
179,0.5230565498489739,-0.3718492509422333,0.2169405434398843,0.0,17,1544.8378589090128,6,3136.966666666668,64.85765556411393,2.4277323364655876,0.6417632116023885,219.2104132231405,161.9505785123967
180,0.47438504775286106,-0.21228600519208385,0.18135969685634717,0.0,18,1599.441571490683,6,3276.766666666668,70.00437713837103,2.4080721000819483,0.5197177325547953,219.68479827089337,161.73829250720462
181,0.41072240291981643,-0.24001532496879463,0.17233566973809294,0.0,19,1625.409256592611,6,3292.000000000001,73.7408104541441,2.3752166017131153,0.47571025685821,220.09552067381318,161.49827718223582
182,0.403362756289539,-0.24861215320501628,0.18256744572664488,0.0,20,1663.46151451845,6,3313.6333333333346,79.4954810421948,2.3151635222769134,0.47382435129774464,220.49888343010272,161.2496650290308
183,0.44149597369130333,-0.23204985287904378,0.1764324891864902,0.0,21,1771.2361740857662,6,3536.966666666668,87.60178909773775,2.2430259275481226,0.49876430205741257,220.94037940379403,161.01761517615176
184,0.35518709866903464,-0.17726587028522545,0.18617385176598414,0.0,22,1854.5678000707617,6,3690.6000000000017,93.01907461169964,2.2418184832758,0.39696481434618974,221.29556650246306,160.84034930586654
185,0.4040516562132268,-0.2353429418444648,0.13299211662886842,0.0,23,1977.9875876378471,6,3895.4666666666676,101.96244883241341,2.234264734848627,0.46759388486662096,221.6996181586763,160.60500636402207
186,0.33479268595354483,-0.16329624931924513,0.14824367218636333,0.0,24,2071.728611806454,6,4109.5,109.311228109913,2.205831686837628,0.37249403701230166,222.03441084462983,160.44171011470283
187,0.27336270839086296,-0.1721706132241536,0.15897820528549114,0.0,25,2163.6973673388084,6,4254.000000000001,112.89253268540044,2.172581377919821,0.32306329162684067,222.3077735530207,160.26953950147868
188,0.3514350651686584,-0.16222647061064777,0.15171864265571539,0.0,26,2309.1023943855694,6,4504.933333333333,115.7660616203248,2.169577016206644,0.3870710952743521,222.65920861818935,160.10731303086803
189,0.3098252381277291,-0.16263920758149197,0.16835942665297024,0.0,27,2456.56811370699,6,4824.966666666666,123.23411470495428,2.165909584216866,0.34991883347947944,222.96903385631708,159.94467382328654
190,0.3019749786942043,-0.19390332811497046,0.1728529305972294,0.0,28,2583.6794865403217,6,5068.233333333333,131.65245791288265,2.1822640895180965,0.3588695980595557,223.2710088350113,159.75077049517157
191,0.3108601745733779,-0.12936474437285028,0.13244951120685136,0.0,29,2727.028922084627,6,5317.599999999999,136.6781668217335,2.2237104530297414,0.3367035568900986,223.58186900958466,159.62140575079871
192,,,0.20216195241379323,0.0,12,1555.134424887203,7,3202.400000000001,65.0491171616709,2.382069487545306,,184.08291689801962,177.23320377568018
193,-0.41619593369318864,-0.15827300519637788,0.2155526469724766,0.0,13,1564.2317568972217,7,3226.633333333334,58.604545379762335,2.449290232317135,0.44527452138724233,183.66672096432643,177.0749307704838
194,-0.44880228755178564,-0.1805131274789744,0.2616706031337719,0.0,14,1602.4203540362814,7,3347.366666666667,55.43866421269561,2.53779154792716,0.4837442325278475,183.21791867677464,176.89441764300483
195,-0.5388230797893243,-0.2036864516786352,0.2661128626884838,0.0,15,1601.515503948138,7,3330.3333333333335,53.78618775655521,2.561578004331101,0.5760368754785457,182.67909559698532,176.6907311913262
196,-0.5906690690269443,-0.1334417822812668,0.24824076119493735,0.0,16,1626.543112706492,7,3370.5666666666675,59.92898334635969,2.591400982511215,0.605554835141755,182.08842652795838,176.55728940904493
197,-0.7646415263490951,-0.2421944621508203,0.25627570261418864,0.0,17,1586.714455414976,7,3316.466666666667,65.11300066476004,2.487108700439476,0.8020815552760199,181.32378500160928,176.3150949468941
198,-0.7281765844089136,-0.09514984167910256,0.2396895296842083,0.0,18,1574.3782759720068,7,3352.5000000000014,73.4613834168091,2.4067228195412618,0.7343668228160842,180.59560841720037,176.219945105215
199,-0.5389867185494097,-0.19714442119447995,0.22218475800112086,0.0,19,1637.5438203382296,7,3589.0000000000014,77.16337971572885,2.2962269443035006,0.5739099281078583,180.05662169865096,176.02280068402052
200,-0.47155945798706966,-0.10535145929895862,0.20585679885175068,0.0,20,1700.980409776682,7,3606.0000000000014,82.09580051553762,2.306925301332286,0.4831844910523092,179.5850622406639,175.91744922472157
201,-0.46674497510736046,-0.17928095127720667,0.1944016942291331,0.0,21,1825.6372851236306,7,3911.9666666666676,91.20186262230231,2.240130755542661,0.49999253122304804,179.11831726555653,175.73816827344436
202,-0.40128311077918966,-0.10760190941496717,0.19749518871391017,0.0,22,1921.0099962219756,7,4123.766666666668,95.51065696737017,2.2478312553117163,0.4154591507072268,178.71703415477734,175.6305663640294
203,-0.42289257625822074,-0.17043617688537438,0.1997681128197655,0.0,23,2062.7464957207585,7,4257.6,104.8996387164747,2.2649018321319065,0.4559458536335402,178.29414157851912,175.46013018714402
204,-0.34476447747107386,-0.06127711219838261,0.19712589449704876,0.0,24,2184.9283816277866,7,4520.3,110.17534849022852,2.2424262263585106,0.35016771610940345,177.94937710104804,175.39885307494563
205,-0.3952096210558409,-0.15563620982754856,0.2363801526148973,0.0,25,2341.491679948609,7,4717.633333333334,113.80664226180043,2.3009473644904976,0.42475083800339475,177.5541674799922,175.2432168651181
206,-0.37774191550693104,-0.0776983040771313,0.23679931804378945,0.0,26,2499.972884412469,7,5064.533333333335,121.50652748579544,2.2700819591004406,0.3856500760888137,177.17642556448527,175.16551856104095
207,-0.37169966656466613,-0.19897791831883183,0.259530596746145,0.0,27,2682.7508921366593,7,5473.200000000001,124.24838725396626,2.3063977756304075,0.4216074644770651,176.8047258979206,174.96654064272212
208,-0.4324468281531608,-0.1042150613267836,0.2481956774309173,0.0,28,2853.3546825876783,7,5752.266666666668,131.12160122775006,2.3419729309499555,0.4448269755613689,176.37227906976744,174.86232558139534
209,-0.3061410268768441,-0.16418177169990145,0.25659580357331957,0.0,29,3021.622102365734,7,6125.400000000001,138.85630493841452,2.3604691782344553,0.34738736663230446,176.0661380428906,174.69814380969544
210,,,0.20334348168786603,0.0,14,1260.7326507014602,8,2478.7666666666664,56.32214890134414,2.333600278386428,,180.13209530483533,188.98388227049756
211,-0.6334164251453558,0.2990136252220168,0.1948734659247703,0.0,15,1202.14247202348,8,2359.633333333333,48.068758349362334,2.379304226688016,0.700446654437249,179.49867887968998,189.28289589571958
212,-0.452800031626424,0.39595216783553155,0.13975081108289888,0.0,16,1183.3036515643962,8,2310.4666666666667,48.413217919019985,2.2893909286599325,0.601503107102987,179.04587884806355,189.6788480635551
213,-0.45658118920067636,0.33163131214166697,0.09329281016417738,0.0,17,1145.2227763978383,8,2201.1666666666665,54.133161336976976,2.271141232335174,0.5643099410117702,178.58929765886288,190.01047937569678
214,-0.43203563727308847,0.21694947611874227,0.06416872360471668,0.0,18,1174.2297992427996,8,2217.2000000000003,61.93802915534885,2.143296370705437,0.48344789487819717,178.1572620215898,190.22742885181552
215,-0.2919569543715852,0.2984243022692681,0.05193217140201675,0.0,19,1203.4998094372547,8,2263.9333333333334,68.45138523169494,2.1359555476049508,0.41748763741077577,177.8653050672182,190.52585315408479
216,-0.3128073107120599,0.2491991941054721,0.05037426596302146,0.0,20,1241.8382856264357,8,2322.9,73.18041946407652,2.0987439800385683,0.3999358098216862,177.55249775650614,190.77505234819026
217,-0.2696818942251582,0.24892551839442945,0.05415264589493922,0.0,21,1301.2265750453923,8,2376.3999999999996,77.60158486283619,1.9868921830807056,0.36700441111900123,177.28281586228098,191.0239778665847
218,-0.2516400903094791,0.1476373353155509,0.030662611631553795,0.0,22,1398.6082289830554,8,2555.8666666666663,84.71380009279788,1.972419689094778,0.2917524941282237,177.0311757719715,191.17161520190024
219,-0.1321114113250701,0.24318491151058197,0.07585054581073901,0.0,23,1479.9241030120252,8,2674.366666666667,90.21368929616824,2.0345749732568796,0.27675318641112595,176.89906436064643,191.41480011341082
220,-0.2666511329886134,0.15803399426886244,0.0878052581983,0.0,24,1580.9082357872398,8,2840.033333333333,101.53414468707334,2.0009563168687476,0.3099638205802123,176.63241322765782,191.57283410767968
221,-0.20888701195556791,0.18130878827250285,0.0614562421261715,0.0,25,1682.4186753642064,8,3030.0666666666666,108.77903959160042,1.9632593804002805,0.27659837394418796,176.42352621570225,191.75414289595219
222,-0.12636789364540846,0.11676373462967149,0.050394946505835404,0.0,26,1767.5851144095047,8,3164.5333333333333,111.9390843766777,1.9348663295240438,0.17205410273819574,176.29715832205684,191.87090663058186
223,-0.1646991301917069,0.19947067741921387,0.0458137599671259,0.0,27,1895.1682578288649,8,3402.2000000000003,115.11993431285853,1.9290325842934124,0.2586780907537105,176.13245919186514,192.07037730800107
224,-0.1230958959849886,0.10859540467950524,0.042532047518083246,0.0,28,1984.3422890256263,8,3548.9666666666667,120.50446752509824,1.9369406025498856,0.16415103266764008,176.00936329588015,192.17897271268058
225,-0.16163423313400926,0.13160749209757228,0.03434379760850614,0.0,29,2074.1320216094937,8,3695.433333333334,125.78747623832845,1.9561348723312326,0.2084374181787709,175.84772906274614,192.31058020477815
226,,,0.1854035884887602,0.0,15,1418.9812762073877,9,2920.5333333333338,52.30389124357928,2.407209486896375,,198.2566781077451,176.4600805849873
227,0.3788922555739589,-0.3031711767690126,0.2024690251064225,0.0,16,1481.3034589494318,9,3047.8333333333335,58.98892086249523,2.407350318191737,0.485254679274121,198.63557036331906,176.1569094082183
228,0.49762705428202025,-0.36893795052208134,0.20855878502251018,0.0,17,1502.9612624030494,9,3206.6666666666674,64.85765556411393,2.4108290068293714,0.6194738868498287,199.13319741760108,175.78797145769622
229,0.5566858508814221,-0.34380803357169043,0.18804092836875497,0.0,18,1480.7510225976423,9,3257.8666666666663,70.86862870798055,2.3922296390427062,0.6542958814787126,199.6898832684825,175.44416342412453
230,0.40800032940109077,-0.31962129958239416,0.21110335979507122,0.0,19,1528.95503194795,9,3553.6999999999994,74.98538109472037,2.36619971661335,0.5182876073553536,200.0978835978836,175.12454212454213
231,0.5119317568297106,-0.2897510652612709,0.16254084538926558,0.0,20,1528.9878503255784,9,3461.0,82.09580051553762,2.21806786931471,0.5882429799587882,200.6098153547133,174.83479105928086
232,0.5121659168490282,-0.21305621452975743,0.1396516252885137,0.0,21,1623.233151409223,9,3739.633333333333,92.00187896109445,2.1552599360213214,0.5547133286045647,201.12198127156233,174.6217348447511
233,0.4205617494701812,-0.2632262405446113,0.1629932074666763,0.0,22,1737.463429354247,9,3839.333333333333,97.17171187115052,2.1513035756419385,0.4961453807390219,201.54254302103251,174.3585086042065
234,0.3498620422586214,-0.17179974344699644,0.15741528656726608,0.0,23,1856.3040067267364,9,4117.333333333333,101.96244883241341,2.0739057333828868,0.3897673671073903,201.89240506329114,174.1867088607595
235,0.3592576700278869,-0.13157047843810687,0.17354400368097503,0.0,24,2013.832546325314,9,4437.833333333333,108.44710772959748,2.098722039401553,0.38259229510053966,202.25166273331902,174.0551383823214
236,0.30600119246633994,-0.21959126024674447,0.1625814018880877,0.0,25,2167.8108604326085,9,4639.933333333333,112.43547789720043,2.158977745153746,0.37663915272788023,202.55766392578536,173.83554712207464
237,0.35061165513596393,-0.1308997515079966,0.16573533065410911,0.0,26,2346.8937946665847,9,5020.733333333334,120.54978317488367,2.151753899275967,0.37425028745751865,202.90827558092133,173.70464737056665
238,0.3022400090521842,-0.17153141377022507,0.14657790515664335,0.0,27,2488.517699000867,9,5325.299999999999,128.30547745001414,2.202181329618077,0.34752273160453334,203.2105155899735,173.53311595679642
239,0.33812874814449856,-0.13439187386180151,0.20015511740203507,0.0,28,2662.777132625078,9,5498.4,131.12160122775006,2.243011475331524,0.36385742548675865,203.548644338118,173.39872408293462
240,0.26476674059918537,-0.12311669712315165,0.20928716542929196,0.0,29,2801.6301525809517,9,5809.433333333334,137.76723588007403,2.2101453500654515,0.2919916917277445,203.8134110787172,173.27560738581147
241,,,0.14589948388630417,0.0,16,1391.7625073613415,10,2773.2000000000003,56.87378027380018,2.332573331141738,,192.19739952718675,186.81661600810537
242,0.06548515950217393,0.605519698235014,0.12653660568973563,0.0,17,1377.3314728851594,10,2913.2999999999993,64.09162026217557,2.367317013110747,0.6090504175071613,192.26288468668892,187.42213570634038
243,0.15964471293972338,0.6191269303421052,0.08237402801288388,0.0,18,1396.3424526324459,10,3050.2666666666664,70.00437713837103,2.307539154747141,0.639378284151444,192.42252939962864,188.0412626366825
244,0.04001278259858054,0.5909083419451804,0.03267584580746748,0.0,19,1383.029124340382,10,3082.133333333333,75.29652375486444,2.1922247304602225,0.5922615058837468,192.46254218222722,188.63217097862767
245,0.04538645999278401,0.49939492821079057,0.043358707559648935,0.0,20,1499.2699134873749,10,3326.633333333334,84.3246457784029,2.1130699042431225,0.5014531135343934,192.50792864222,189.13156590683846
246,0.015892885382726263,0.3945243376788028,0.046237110769753814,0.0,21,1586.8324079941813,10,3426.766666666667,88.00179726713382,2.156178359323978,0.39484431973460943,192.52382152760273,189.52609024451726
247,0.06344897423323914,0.41564782157820446,0.026524641476296493,0.0,22,1696.3523204856833,10,3655.666666666667,97.5869755970956,2.0674075085985217,0.42046270216745396,192.58727050183597,189.94173806609547
248,0.02381526458736971,0.35639149594831565,0.05286416600634891,0.0,23,1839.5200645321004,10,3939.9666666666676,103.64084305187701,2.1080528601801873,0.35718631722344113,192.61108576642334,190.29812956204378
249,0.08048469752787923,0.3461745111428911,0.053586892594979986,0.0,24,1983.588333014271,10,4116.800000000001,107.58298734928196,2.114506842117723,0.3554076233019965,192.69157046395122,190.64430407318667
250,0.011935307746085755,0.397380407360572,0.07727800442518296,0.0,25,2138.1022991996083,10,4438.1,116.54897099100044,2.1055922201820847,0.39755960524812867,192.7035057716973,191.04168448054725
251,0.027326536625764675,0.38369477324528134,0.10631514347409796,0.0,26,2333.4993743138198,10,4670.966666666665,121.98489964125133,2.2102485950653876,0.3846666330989824,192.73083230832307,191.42537925379253
252,0.03363386934603341,0.3268619850012726,0.11427441110943681,0.0,27,2489.024835275373,10,5074.7666666666655,129.3197499990261,2.1766898745815744,0.32858787927456823,192.7644661776691,191.7522412387938
253,0.0064633545533467895,0.37363709888938956,0.1291729999527885,0.0,28,2644.197148645437,10,5411.866666666666,135.3684547088108,2.1896619726127513,0.373692997818479,192.77092953222245,192.1258783376832
254,0.03944228773841019,0.3300903511621982,0.1470271679383438,0.0,29,2782.571444059993,10,5591.533333333332,137.76723588007403,2.2621275682483857,0.33243846647526043,192.81037181996086,192.4559686888454
